[
  {
    "parameter": "Grid_MS_congestion_allowance_level_kW",
    "value": "0",
    "unit": "kW",
    "comment": "gridOperator policy variable"
  },
  {
    "parameter": "Grid_MS_congestion_price_eurpkWh",
    "value": "0.2",
    "unit": "eurpkWh",
    "comment": "gridOperator policy value"
  },
  {
    "parameter": "Grid_MS_congestion_threshold_fr",
    "value": "0.5",
    "unit": "fr",
    "comment": "gridOperator policy value"
  },
  {
    "parameter": "Grid_MS_congestion_pricing_consumption_eurpkWh",
    "value": "TRUE",
    "unit": null,
    "comment": "gridOperator policy value"
  },
  {
    "parameter": "Grid_MS_congestion_pricing_production_eurpkWh",
    "value": "TRUE",
    "unit": null,
    "comment": "gridOperator policy value"
  },
  {
    "parameter": "Fixed_electricity_price_eurpkWh",
    "value": "0.21",
    "unit": "EUR p kWh",
    "comment": "Fixed_electricity_price"
  },
  {
    "parameter": "Fixed_heat_price_eurpkWh",
    "value": "0.10",
    "unit": "EUR p kWh",
    "comment": "Fixed_heat_price"
  },
  {
    "parameter": "Fixed_methane_price_eurpkWh",
    "value": "0.05",
    "unit": "EUR p kWh",
    "comment": "Fixed_methane_price"
  },
  {
    "parameter": "Fixed_hydrogen_price_eurpkWh",
    "value": "0.3",
    "unit": "EUR p kWh",
    "comment": "Fixed_hydrogen_price"
  },
  {
    "parameter": "Energy_supplier_electricity_price_margin_eurpkWh",
    "value": "0.17",
    "unit": "fr",
    "comment": "p_variableElectricityPriceOverNational_eurpkWh"
  },
  {
    "parameter": "Fixed_electricity_feed_in_tariff_eurpkWh",
    "value": "0.1",
    "unit": "EUR_pKWh",
    "comment": "p_fixedFeedinTariff_eurpkWh"
  },
  {
    "parameter": "Fixed_diesel_price_eurpkWh",
    "value": "0.2",
    "unit": "EUR_pKWh",
    "comment": "Fixed_diesel_price"
  },
  {
    "parameter": "Time_buffer_for_spread_charging_min",
    "value": "60",
    "unit": "minutes",
    "comment": "Time_buffer_for_spread_charging, Integer value"
  },
  {
    "parameter": "Salderen",
    "value": "false",
    "unit": "boolean",
    "comment": "switch for salderen"
  },
  {
    "parameter": "Capacitypricing_households_kW",
    "value": "5",
    "unit": "int",
    "comment": "power level at which capacity pricing kicks in"
  },
  {
    "parameter": "Capacitypricing_households_eur",
    "value": "0.5",
    "unit": "float",
    "comment": "capacity price value for households"
  }
]