[
  {
    "owner_actor": "hh1",
    "id": "h1",
    "capacity_kw": 17.0,
    "parent_electric": "E2",
    "parent_heat": null,
    "charging_mode": "CHEAP",
    "battery_mode": null,
    "assets": [
      {
        "type": "ELECTRICITY_DEMAND",
        "name": "House_other_electricity",
        "category": "CONSUMPTION",
        "yearlyDemandElectricity_kWh": 11000.0
      },
      {
        "type": "HOT_WATER_CONSUMPTION",
        "name": "House_hot_water",
        "category": "CONSUMPTION",
        "yearlyDemandHeat_kWh": 2000.0
      },
      {
        "type": "ELECTRIC_HOB",
        "name": "Electric hob",
        "category": "CONSUMPTION",
        "capacity_kW": 5.0
      },
      {
        "type": "HEAT_PUMP_AIR",
        "eta_r": 0.6,
        "name": "House_heatpump_MT_M",
        "category": "CONVERSION",
        "deliveryTemp_degC": 60.0,
        "capacityElectricity_kW": 6.0,
        "ambientTempType": null
      },
      {
        "type": "STORAGE_HEAT",
        "name": "Household heat buffer",
        "category": "STORAGE",
        "capacityHeat_kW": 4.0,
        "initial_temperature_degC": 70.0,
        "minTemp_degC": 55,
        "maxTemp_degC": 80,
        "setTemp_degC": 60,
        "lossFactor_WpK": 0.0,
        "heatCapacity_JpK": 1200000.0,
        "ambientTempType": "AIR"
      },
      {
        "type": "PHOTOVOLTAIC",
        "name": "Solarpanels_building",
        "category": "PRODUCTION",
        "capacityElectricity_kW": 3.0
      },
      {
        "type": "ELECTRIC_VEHICLE",
        "name": "EV",
        "category": "STORAGE",
        "capacityElectricity_kW": 7.0,
        "stateOfCharge_r": 1.0,
        "storageCapacity_kWh": 60.0,
        "energyConsumption_kWhpkm": 0.3,
        "vehicleScaling": 1
      }
    ],
    "category": "HOUSE",
    "insulation_label": "C",
    "heating_type": "HEATPUMP_AIR",
    "type": "SEMIDETACHED",
    "smart_assets": "TRUE",
    "pricelevel_low_dif_from_avg_eurpkWh": 0.024,
    "pricelevel_high_dif_from_avg_eurpkWh": 0.01
  },
  {
    "owner_actor": "hh2",
    "id": "h2",
    "capacity_kw": 17.0,
    "parent_electric": "E2",
    "parent_heat": null,
    "charging_mode": "CHEAP",
    "battery_mode": null,
    "assets": [
      {
        "type": "ELECTRICITY_DEMAND",
        "name": "House_other_electricity",
        "category": "CONSUMPTION",
        "yearlyDemandElectricity_kWh": 11000.0
      },
      {
        "type": "HOT_WATER_CONSUMPTION",
        "name": "House_hot_water",
        "category": "CONSUMPTION",
        "yearlyDemandHeat_kWh": 2000.0
      },
      {
        "type": "ELECTRIC_HOB",
        "name": "Electric hob",
        "category": "CONSUMPTION",
        "capacity_kW": 5.0
      },
      {
        "type": "HEAT_PUMP_AIR",
        "eta_r": 0.6,
        "name": "House_heatpump_MT_M",
        "category": "CONVERSION",
        "deliveryTemp_degC": 60.0,
        "capacityElectricity_kW": 6.0,
        "ambientTempType": null
      },
      {
        "type": "STORAGE_HEAT",
        "name": "Household heat buffer",
        "category": "STORAGE",
        "capacityHeat_kW": 4.0,
        "initial_temperature_degC": 70.0,
        "minTemp_degC": 55,
        "maxTemp_degC": 80,
        "setTemp_degC": 60,
        "lossFactor_WpK": 0.0,
        "heatCapacity_JpK": 1200000.0,
        "ambientTempType": "AIR"
      },
      {
        "type": "PHOTOVOLTAIC",
        "name": "Solarpanels_building",
        "category": "PRODUCTION",
        "capacityElectricity_kW": 3.0
      },
      {
        "type": "ELECTRIC_VEHICLE",
        "name": "EV",
        "category": "STORAGE",
        "capacityElectricity_kW": 7.0,
        "stateOfCharge_r": 1.0,
        "storageCapacity_kWh": 60.0,
        "energyConsumption_kWhpkm": 0.3,
        "vehicleScaling": 1
      }
    ],
    "category": "HOUSE",
    "insulation_label": "C",
    "heating_type": "HEATPUMP_AIR",
    "type": "SEMIDETACHED",
    "smart_assets": "TRUE",
    "pricelevel_low_dif_from_avg_eurpkWh": 0.022,
    "pricelevel_high_dif_from_avg_eurpkWh": 0.012
  },
  {
    "owner_actor": "hh3",
    "id": "h3",
    "capacity_kw": 17.0,
    "parent_electric": "E2",
    "parent_heat": null,
    "charging_mode": "CHEAP",
    "battery_mode": null,
    "assets": [
      {
        "type": "ELECTRICITY_DEMAND",
        "name": "House_other_electricity",
        "category": "CONSUMPTION",
        "yearlyDemandElectricity_kWh": 11000.0
      },
      {
        "type": "HOT_WATER_CONSUMPTION",
        "name": "House_hot_water",
        "category": "CONSUMPTION",
        "yearlyDemandHeat_kWh": 2000.0
      },
      {
        "type": "ELECTRIC_HOB",
        "name": "Electric hob",
        "category": "CONSUMPTION",
        "capacity_kW": 5.0
      },
      {
        "type": "HEAT_PUMP_AIR",
        "eta_r": 0.6,
        "name": "House_heatpump_MT_M",
        "category": "CONVERSION",
        "deliveryTemp_degC": 60.0,
        "capacityElectricity_kW": 6.0,
        "ambientTempType": null
      },
      {
        "type": "STORAGE_HEAT",
        "name": "Household heat buffer",
        "category": "STORAGE",
        "capacityHeat_kW": 4.0,
        "initial_temperature_degC": 70.0,
        "minTemp_degC": 55,
        "maxTemp_degC": 80,
        "setTemp_degC": 60,
        "lossFactor_WpK": 0.0,
        "heatCapacity_JpK": 1200000.0,
        "ambientTempType": "AIR"
      },
      {
        "type": "PHOTOVOLTAIC",
        "name": "Solarpanels_building",
        "category": "PRODUCTION",
        "capacityElectricity_kW": 3.0
      },
      {
        "type": "ELECTRIC_VEHICLE",
        "name": "EV",
        "category": "STORAGE",
        "capacityElectricity_kW": 7.0,
        "stateOfCharge_r": 1.0,
        "storageCapacity_kWh": 60.0,
        "energyConsumption_kWhpkm": 0.3,
        "vehicleScaling": 1
      }
    ],
    "category": "HOUSE",
    "insulation_label": "C",
    "heating_type": "HEATPUMP_AIR",
    "type": "SEMIDETACHED",
    "smart_assets": "TRUE",
    "pricelevel_low_dif_from_avg_eurpkWh": 0.024,
    "pricelevel_high_dif_from_avg_eurpkWh": 0.009
  },
  {
    "owner_actor": "hh4",
    "id": "h4",
    "capacity_kw": 17.0,
    "parent_electric": "E2",
    "parent_heat": null,
    "charging_mode": "CHEAP",
    "battery_mode": null,
    "assets": [
      {
        "type": "ELECTRICITY_DEMAND",
        "name": "House_other_electricity",
        "category": "CONSUMPTION",
        "yearlyDemandElectricity_kWh": 11000.0
      },
      {
        "type": "HOT_WATER_CONSUMPTION",
        "name": "House_hot_water",
        "category": "CONSUMPTION",
        "yearlyDemandHeat_kWh": 2000.0
      },
      {
        "type": "ELECTRIC_HOB",
        "name": "Electric hob",
        "category": "CONSUMPTION",
        "capacity_kW": 5.0
      },
      {
        "type": "HEAT_PUMP_AIR",
        "eta_r": 0.6,
        "name": "House_heatpump_MT_M",
        "category": "CONVERSION",
        "deliveryTemp_degC": 60.0,
        "capacityElectricity_kW": 6.0,
        "ambientTempType": null
      },
      {
        "type": "STORAGE_HEAT",
        "name": "Household heat buffer",
        "category": "STORAGE",
        "capacityHeat_kW": 4.0,
        "initial_temperature_degC": 70.0,
        "minTemp_degC": 55,
        "maxTemp_degC": 80,
        "setTemp_degC": 60,
        "lossFactor_WpK": 0.0,
        "heatCapacity_JpK": 1200000.0,
        "ambientTempType": "AIR"
      },
      {
        "type": "PHOTOVOLTAIC",
        "name": "Solarpanels_building",
        "category": "PRODUCTION",
        "capacityElectricity_kW": 3.0
      },
      {
        "type": "ELECTRIC_VEHICLE",
        "name": "EV",
        "category": "STORAGE",
        "capacityElectricity_kW": 7.0,
        "stateOfCharge_r": 1.0,
        "storageCapacity_kWh": 60.0,
        "energyConsumption_kWhpkm": 0.3,
        "vehicleScaling": 1
      }
    ],
    "category": "HOUSE",
    "insulation_label": "C",
    "heating_type": "HEATPUMP_AIR",
    "type": "SEMIDETACHED",
    "smart_assets": "TRUE",
    "pricelevel_low_dif_from_avg_eurpkWh": 0.022,
    "pricelevel_high_dif_from_avg_eurpkWh": 0.01
  },
  {
    "owner_actor": "hh5",
    "id": "h5",
    "capacity_kw": 17.0,
    "parent_electric": "E2",
    "parent_heat": null,
    "charging_mode": "CHEAP",
    "battery_mode": null,
    "assets": [
      {
        "type": "ELECTRICITY_DEMAND",
        "name": "House_other_electricity",
        "category": "CONSUMPTION",
        "yearlyDemandElectricity_kWh": 11000.0
      },
      {
        "type": "HOT_WATER_CONSUMPTION",
        "name": "House_hot_water",
        "category": "CONSUMPTION",
        "yearlyDemandHeat_kWh": 2000.0
      },
      {
        "type": "ELECTRIC_HOB",
        "name": "Electric hob",
        "category": "CONSUMPTION",
        "capacity_kW": 5.0
      },
      {
        "type": "HEAT_PUMP_AIR",
        "eta_r": 0.6,
        "name": "House_heatpump_MT_M",
        "category": "CONVERSION",
        "deliveryTemp_degC": 60.0,
        "capacityElectricity_kW": 6.0,
        "ambientTempType": null
      },
      {
        "type": "STORAGE_HEAT",
        "name": "Household heat buffer",
        "category": "STORAGE",
        "capacityHeat_kW": 4.0,
        "initial_temperature_degC": 70.0,
        "minTemp_degC": 55,
        "maxTemp_degC": 80,
        "setTemp_degC": 60,
        "lossFactor_WpK": 0.0,
        "heatCapacity_JpK": 1200000.0,
        "ambientTempType": "AIR"
      },
      {
        "type": "PHOTOVOLTAIC",
        "name": "Solarpanels_building",
        "category": "PRODUCTION",
        "capacityElectricity_kW": 3.0
      },
      {
        "type": "ELECTRIC_VEHICLE",
        "name": "EV",
        "category": "STORAGE",
        "capacityElectricity_kW": 7.0,
        "stateOfCharge_r": 1.0,
        "storageCapacity_kWh": 60.0,
        "energyConsumption_kWhpkm": 0.3,
        "vehicleScaling": 1
      }
    ],
    "category": "HOUSE",
    "insulation_label": "C",
    "heating_type": "HEATPUMP_AIR",
    "type": "SEMIDETACHED",
    "smart_assets": "TRUE",
    "pricelevel_low_dif_from_avg_eurpkWh": 0.02,
    "pricelevel_high_dif_from_avg_eurpkWh": 0.01
  },
  {
    "owner_actor": "hh6",
    "id": "h6",
    "capacity_kw": 17.0,
    "parent_electric": "E2",
    "parent_heat": null,
    "charging_mode": "CHEAP",
    "battery_mode": null,
    "assets": [
      {
        "type": "ELECTRICITY_DEMAND",
        "name": "House_other_electricity",
        "category": "CONSUMPTION",
        "yearlyDemandElectricity_kWh": 11000.0
      },
      {
        "type": "HOT_WATER_CONSUMPTION",
        "name": "House_hot_water",
        "category": "CONSUMPTION",
        "yearlyDemandHeat_kWh": 2000.0
      },
      {
        "type": "ELECTRIC_HOB",
        "name": "Electric hob",
        "category": "CONSUMPTION",
        "capacity_kW": 5.0
      },
      {
        "type": "HEAT_PUMP_AIR",
        "eta_r": 0.6,
        "name": "House_heatpump_MT_M",
        "category": "CONVERSION",
        "deliveryTemp_degC": 60.0,
        "capacityElectricity_kW": 6.0,
        "ambientTempType": null
      },
      {
        "type": "STORAGE_HEAT",
        "name": "Household heat buffer",
        "category": "STORAGE",
        "capacityHeat_kW": 4.0,
        "initial_temperature_degC": 70.0,
        "minTemp_degC": 55,
        "maxTemp_degC": 80,
        "setTemp_degC": 60,
        "lossFactor_WpK": 0.0,
        "heatCapacity_JpK": 1200000.0,
        "ambientTempType": "AIR"
      },
      {
        "type": "PHOTOVOLTAIC",
        "name": "Solarpanels_building",
        "category": "PRODUCTION",
        "capacityElectricity_kW": 3.0
      },
      {
        "type": "ELECTRIC_VEHICLE",
        "name": "EV",
        "category": "STORAGE",
        "capacityElectricity_kW": 7.0,
        "stateOfCharge_r": 1.0,
        "storageCapacity_kWh": 60.0,
        "energyConsumption_kWhpkm": 0.3,
        "vehicleScaling": 1
      }
    ],
    "category": "HOUSE",
    "insulation_label": "C",
    "heating_type": "HEATPUMP_AIR",
    "type": "SEMIDETACHED",
    "smart_assets": "TRUE",
    "pricelevel_low_dif_from_avg_eurpkWh": 0.02,
    "pricelevel_high_dif_from_avg_eurpkWh": 0.011
  },
  {
    "owner_actor": "hh7",
    "id": "h7",
    "capacity_kw": 17.0,
    "parent_electric": "E2",
    "parent_heat": null,
    "charging_mode": "CHEAP",
    "battery_mode": null,
    "assets": [
      {
        "type": "ELECTRICITY_DEMAND",
        "name": "House_other_electricity",
        "category": "CONSUMPTION",
        "yearlyDemandElectricity_kWh": 11000.0
      },
      {
        "type": "HOT_WATER_CONSUMPTION",
        "name": "House_hot_water",
        "category": "CONSUMPTION",
        "yearlyDemandHeat_kWh": 2000.0
      },
      {
        "type": "ELECTRIC_HOB",
        "name": "Electric hob",
        "category": "CONSUMPTION",
        "capacity_kW": 5.0
      },
      {
        "type": "HEAT_PUMP_AIR",
        "eta_r": 0.6,
        "name": "House_heatpump_MT_M",
        "category": "CONVERSION",
        "deliveryTemp_degC": 60.0,
        "capacityElectricity_kW": 6.0,
        "ambientTempType": null
      },
      {
        "type": "STORAGE_HEAT",
        "name": "Household heat buffer",
        "category": "STORAGE",
        "capacityHeat_kW": 4.0,
        "initial_temperature_degC": 70.0,
        "minTemp_degC": 55,
        "maxTemp_degC": 80,
        "setTemp_degC": 60,
        "lossFactor_WpK": 0.0,
        "heatCapacity_JpK": 1200000.0,
        "ambientTempType": "AIR"
      },
      {
        "type": "PHOTOVOLTAIC",
        "name": "Solarpanels_building",
        "category": "PRODUCTION",
        "capacityElectricity_kW": 3.0
      },
      {
        "type": "ELECTRIC_VEHICLE",
        "name": "EV",
        "category": "STORAGE",
        "capacityElectricity_kW": 7.0,
        "stateOfCharge_r": 1.0,
        "storageCapacity_kWh": 60.0,
        "energyConsumption_kWhpkm": 0.3,
        "vehicleScaling": 1
      }
    ],
    "category": "HOUSE",
    "insulation_label": "C",
    "heating_type": "HEATPUMP_AIR",
    "type": "SEMIDETACHED",
    "smart_assets": "TRUE",
    "pricelevel_low_dif_from_avg_eurpkWh": 0.022,
    "pricelevel_high_dif_from_avg_eurpkWh": 0.01
  },
  {
    "owner_actor": "hh8",
    "id": "h8",
    "capacity_kw": 17.0,
    "parent_electric": "E2",
    "parent_heat": null,
    "charging_mode": "CHEAP",
    "battery_mode": null,
    "assets": [
      {
        "type": "ELECTRICITY_DEMAND",
        "name": "House_other_electricity",
        "category": "CONSUMPTION",
        "yearlyDemandElectricity_kWh": 11000.0
      },
      {
        "type": "HOT_WATER_CONSUMPTION",
        "name": "House_hot_water",
        "category": "CONSUMPTION",
        "yearlyDemandHeat_kWh": 2000.0
      },
      {
        "type": "ELECTRIC_HOB",
        "name": "Electric hob",
        "category": "CONSUMPTION",
        "capacity_kW": 5.0
      },
      {
        "type": "HEAT_PUMP_AIR",
        "eta_r": 0.6,
        "name": "House_heatpump_MT_M",
        "category": "CONVERSION",
        "deliveryTemp_degC": 60.0,
        "capacityElectricity_kW": 6.0,
        "ambientTempType": null
      },
      {
        "type": "STORAGE_HEAT",
        "name": "Household heat buffer",
        "category": "STORAGE",
        "capacityHeat_kW": 4.0,
        "initial_temperature_degC": 70.0,
        "minTemp_degC": 55,
        "maxTemp_degC": 80,
        "setTemp_degC": 60,
        "lossFactor_WpK": 0.0,
        "heatCapacity_JpK": 1200000.0,
        "ambientTempType": "AIR"
      },
      {
        "type": "PHOTOVOLTAIC",
        "name": "Solarpanels_building",
        "category": "PRODUCTION",
        "capacityElectricity_kW": 3.0
      },
      {
        "type": "ELECTRIC_VEHICLE",
        "name": "EV",
        "category": "STORAGE",
        "capacityElectricity_kW": 7.0,
        "stateOfCharge_r": 1.0,
        "storageCapacity_kWh": 60.0,
        "energyConsumption_kWhpkm": 0.3,
        "vehicleScaling": 1
      }
    ],
    "category": "HOUSE",
    "insulation_label": "C",
    "heating_type": "HEATPUMP_AIR",
    "type": "SEMIDETACHED",
    "smart_assets": "TRUE",
    "pricelevel_low_dif_from_avg_eurpkWh": 0.021,
    "pricelevel_high_dif_from_avg_eurpkWh": 0.01
  },
  {
    "owner_actor": "hh9",
    "id": "h9",
    "capacity_kw": 17.0,
    "parent_electric": "E2",
    "parent_heat": null,
    "charging_mode": "CHEAP",
    "battery_mode": null,
    "assets": [
      {
        "type": "ELECTRICITY_DEMAND",
        "name": "House_other_electricity",
        "category": "CONSUMPTION",
        "yearlyDemandElectricity_kWh": 11000.0
      },
      {
        "type": "HOT_WATER_CONSUMPTION",
        "name": "House_hot_water",
        "category": "CONSUMPTION",
        "yearlyDemandHeat_kWh": 2000.0
      },
      {
        "type": "ELECTRIC_HOB",
        "name": "Electric hob",
        "category": "CONSUMPTION",
        "capacity_kW": 5.0
      },
      {
        "type": "HEAT_PUMP_AIR",
        "eta_r": 0.6,
        "name": "House_heatpump_MT_M",
        "category": "CONVERSION",
        "deliveryTemp_degC": 60.0,
        "capacityElectricity_kW": 6.0,
        "ambientTempType": null
      },
      {
        "type": "STORAGE_HEAT",
        "name": "Household heat buffer",
        "category": "STORAGE",
        "capacityHeat_kW": 4.0,
        "initial_temperature_degC": 70.0,
        "minTemp_degC": 55,
        "maxTemp_degC": 80,
        "setTemp_degC": 60,
        "lossFactor_WpK": 0.0,
        "heatCapacity_JpK": 1200000.0,
        "ambientTempType": "AIR"
      },
      {
        "type": "PHOTOVOLTAIC",
        "name": "Solarpanels_building",
        "category": "PRODUCTION",
        "capacityElectricity_kW": 3.0
      },
      {
        "type": "ELECTRIC_VEHICLE",
        "name": "EV",
        "category": "STORAGE",
        "capacityElectricity_kW": 7.0,
        "stateOfCharge_r": 1.0,
        "storageCapacity_kWh": 60.0,
        "energyConsumption_kWhpkm": 0.3,
        "vehicleScaling": 1
      }
    ],
    "category": "HOUSE",
    "insulation_label": "C",
    "heating_type": "HEATPUMP_AIR",
    "type": "SEMIDETACHED",
    "smart_assets": "TRUE",
    "pricelevel_low_dif_from_avg_eurpkWh": 0.023,
    "pricelevel_high_dif_from_avg_eurpkWh": 0.01
  },
  {
    "owner_actor": "hh10",
    "id": "h10",
    "capacity_kw": 17.0,
    "parent_electric": "E2",
    "parent_heat": null,
    "charging_mode": "CHEAP",
    "battery_mode": null,
    "assets": [
      {
        "type": "ELECTRICITY_DEMAND",
        "name": "House_other_electricity",
        "category": "CONSUMPTION",
        "yearlyDemandElectricity_kWh": 11000.0
      },
      {
        "type": "HOT_WATER_CONSUMPTION",
        "name": "House_hot_water",
        "category": "CONSUMPTION",
        "yearlyDemandHeat_kWh": 2000.0
      },
      {
        "type": "ELECTRIC_HOB",
        "name": "Electric hob",
        "category": "CONSUMPTION",
        "capacity_kW": 5.0
      },
      {
        "type": "HEAT_PUMP_AIR",
        "eta_r": 0.6,
        "name": "House_heatpump_MT_M",
        "category": "CONVERSION",
        "deliveryTemp_degC": 60.0,
        "capacityElectricity_kW": 6.0,
        "ambientTempType": null
      },
      {
        "type": "STORAGE_HEAT",
        "name": "Household heat buffer",
        "category": "STORAGE",
        "capacityHeat_kW": 4.0,
        "initial_temperature_degC": 70.0,
        "minTemp_degC": 55,
        "maxTemp_degC": 80,
        "setTemp_degC": 60,
        "lossFactor_WpK": 0.0,
        "heatCapacity_JpK": 1200000.0,
        "ambientTempType": "AIR"
      },
      {
        "type": "PHOTOVOLTAIC",
        "name": "Solarpanels_building",
        "category": "PRODUCTION",
        "capacityElectricity_kW": 3.0
      },
      {
        "type": "ELECTRIC_VEHICLE",
        "name": "EV",
        "category": "STORAGE",
        "capacityElectricity_kW": 7.0,
        "stateOfCharge_r": 1.0,
        "storageCapacity_kWh": 60.0,
        "energyConsumption_kWhpkm": 0.3,
        "vehicleScaling": 1
      }
    ],
    "category": "HOUSE",
    "insulation_label": "C",
    "heating_type": "HEATPUMP_AIR",
    "type": "SEMIDETACHED",
    "smart_assets": "TRUE",
    "pricelevel_low_dif_from_avg_eurpkWh": 0.021,
    "pricelevel_high_dif_from_avg_eurpkWh": 0.009
  },
  {
    "owner_actor": "hh11",
    "id": "h11",
    "capacity_kw": 17.0,
    "parent_electric": "E2",
    "parent_heat": null,
    "charging_mode": "CHEAP",
    "battery_mode": null,
    "assets": [
      {
        "type": "ELECTRICITY_DEMAND",
        "name": "House_other_electricity",
        "category": "CONSUMPTION",
        "yearlyDemandElectricity_kWh": 11000.0
      },
      {
        "type": "HOT_WATER_CONSUMPTION",
        "name": "House_hot_water",
        "category": "CONSUMPTION",
        "yearlyDemandHeat_kWh": 2000.0
      },
      {
        "type": "ELECTRIC_HOB",
        "name": "Electric hob",
        "category": "CONSUMPTION",
        "capacity_kW": 5.0
      },
      {
        "type": "HEAT_PUMP_AIR",
        "eta_r": 0.6,
        "name": "House_heatpump_MT_M",
        "category": "CONVERSION",
        "deliveryTemp_degC": 60.0,
        "capacityElectricity_kW": 6.0,
        "ambientTempType": null
      },
      {
        "type": "STORAGE_HEAT",
        "name": "Household heat buffer",
        "category": "STORAGE",
        "capacityHeat_kW": 4.0,
        "initial_temperature_degC": 70.0,
        "minTemp_degC": 55,
        "maxTemp_degC": 80,
        "setTemp_degC": 60,
        "lossFactor_WpK": 0.0,
        "heatCapacity_JpK": 1200000.0,
        "ambientTempType": "AIR"
      },
      {
        "type": "PHOTOVOLTAIC",
        "name": "Solarpanels_building",
        "category": "PRODUCTION",
        "capacityElectricity_kW": 3.0
      },
      {
        "type": "ELECTRIC_VEHICLE",
        "name": "EV",
        "category": "STORAGE",
        "capacityElectricity_kW": 7.0,
        "stateOfCharge_r": 1.0,
        "storageCapacity_kWh": 60.0,
        "energyConsumption_kWhpkm": 0.3,
        "vehicleScaling": 1
      }
    ],
    "category": "HOUSE",
    "insulation_label": "C",
    "heating_type": "HEATPUMP_AIR",
    "type": "SEMIDETACHED",
    "smart_assets": "TRUE",
    "pricelevel_low_dif_from_avg_eurpkWh": 0.015,
    "pricelevel_high_dif_from_avg_eurpkWh": 0.011
  },
  {
    "owner_actor": "hh12",
    "id": "h12",
    "capacity_kw": 17.0,
    "parent_electric": "E2",
    "parent_heat": null,
    "charging_mode": "CHEAP",
    "battery_mode": null,
    "assets": [
      {
        "type": "ELECTRICITY_DEMAND",
        "name": "House_other_electricity",
        "category": "CONSUMPTION",
        "yearlyDemandElectricity_kWh": 11000.0
      },
      {
        "type": "HOT_WATER_CONSUMPTION",
        "name": "House_hot_water",
        "category": "CONSUMPTION",
        "yearlyDemandHeat_kWh": 2000.0
      },
      {
        "type": "ELECTRIC_HOB",
        "name": "Electric hob",
        "category": "CONSUMPTION",
        "capacity_kW": 5.0
      },
      {
        "type": "HEAT_PUMP_AIR",
        "eta_r": 0.6,
        "name": "House_heatpump_MT_M",
        "category": "CONVERSION",
        "deliveryTemp_degC": 60.0,
        "capacityElectricity_kW": 6.0,
        "ambientTempType": null
      },
      {
        "type": "STORAGE_HEAT",
        "name": "Household heat buffer",
        "category": "STORAGE",
        "capacityHeat_kW": 4.0,
        "initial_temperature_degC": 70.0,
        "minTemp_degC": 55,
        "maxTemp_degC": 80,
        "setTemp_degC": 60,
        "lossFactor_WpK": 0.0,
        "heatCapacity_JpK": 1200000.0,
        "ambientTempType": "AIR"
      },
      {
        "type": "PHOTOVOLTAIC",
        "name": "Solarpanels_building",
        "category": "PRODUCTION",
        "capacityElectricity_kW": 3.0
      },
      {
        "type": "ELECTRIC_VEHICLE",
        "name": "EV",
        "category": "STORAGE",
        "capacityElectricity_kW": 7.0,
        "stateOfCharge_r": 1.0,
        "storageCapacity_kWh": 60.0,
        "energyConsumption_kWhpkm": 0.3,
        "vehicleScaling": 1
      }
    ],
    "category": "HOUSE",
    "insulation_label": "C",
    "heating_type": "HEATPUMP_AIR",
    "type": "SEMIDETACHED",
    "smart_assets": "TRUE",
    "pricelevel_low_dif_from_avg_eurpkWh": 0.022,
    "pricelevel_high_dif_from_avg_eurpkWh": 0.009
  },
  {
    "owner_actor": "hh13",
    "id": "h13",
    "capacity_kw": 17.0,
    "parent_electric": "E2",
    "parent_heat": null,
    "charging_mode": "CHEAP",
    "battery_mode": null,
    "assets": [
      {
        "type": "ELECTRICITY_DEMAND",
        "name": "House_other_electricity",
        "category": "CONSUMPTION",
        "yearlyDemandElectricity_kWh": 11000.0
      },
      {
        "type": "HOT_WATER_CONSUMPTION",
        "name": "House_hot_water",
        "category": "CONSUMPTION",
        "yearlyDemandHeat_kWh": 2000.0
      },
      {
        "type": "ELECTRIC_HOB",
        "name": "Electric hob",
        "category": "CONSUMPTION",
        "capacity_kW": 5.0
      },
      {
        "type": "HEAT_PUMP_AIR",
        "eta_r": 0.6,
        "name": "House_heatpump_MT_M",
        "category": "CONVERSION",
        "deliveryTemp_degC": 60.0,
        "capacityElectricity_kW": 6.0,
        "ambientTempType": null
      },
      {
        "type": "STORAGE_HEAT",
        "name": "Household heat buffer",
        "category": "STORAGE",
        "capacityHeat_kW": 4.0,
        "initial_temperature_degC": 70.0,
        "minTemp_degC": 55,
        "maxTemp_degC": 80,
        "setTemp_degC": 60,
        "lossFactor_WpK": 0.0,
        "heatCapacity_JpK": 1200000.0,
        "ambientTempType": "AIR"
      },
      {
        "type": "PHOTOVOLTAIC",
        "name": "Solarpanels_building",
        "category": "PRODUCTION",
        "capacityElectricity_kW": 3.0
      },
      {
        "type": "ELECTRIC_VEHICLE",
        "name": "EV",
        "category": "STORAGE",
        "capacityElectricity_kW": 7.0,
        "stateOfCharge_r": 1.0,
        "storageCapacity_kWh": 60.0,
        "energyConsumption_kWhpkm": 0.3,
        "vehicleScaling": 1
      }
    ],
    "category": "HOUSE",
    "insulation_label": "C",
    "heating_type": "HEATPUMP_AIR",
    "type": "SEMIDETACHED",
    "smart_assets": "TRUE",
    "pricelevel_low_dif_from_avg_eurpkWh": 0.025,
    "pricelevel_high_dif_from_avg_eurpkWh": 0.009
  },
  {
    "owner_actor": "hh14",
    "id": "h14",
    "capacity_kw": 17.0,
    "parent_electric": "E2",
    "parent_heat": null,
    "charging_mode": "CHEAP",
    "battery_mode": null,
    "assets": [
      {
        "type": "ELECTRICITY_DEMAND",
        "name": "House_other_electricity",
        "category": "CONSUMPTION",
        "yearlyDemandElectricity_kWh": 11000.0
      },
      {
        "type": "HOT_WATER_CONSUMPTION",
        "name": "House_hot_water",
        "category": "CONSUMPTION",
        "yearlyDemandHeat_kWh": 2000.0
      },
      {
        "type": "ELECTRIC_HOB",
        "name": "Electric hob",
        "category": "CONSUMPTION",
        "capacity_kW": 5.0
      },
      {
        "type": "HEAT_PUMP_AIR",
        "eta_r": 0.6,
        "name": "House_heatpump_MT_M",
        "category": "CONVERSION",
        "deliveryTemp_degC": 60.0,
        "capacityElectricity_kW": 6.0,
        "ambientTempType": null
      },
      {
        "type": "STORAGE_HEAT",
        "name": "Household heat buffer",
        "category": "STORAGE",
        "capacityHeat_kW": 4.0,
        "initial_temperature_degC": 70.0,
        "minTemp_degC": 55,
        "maxTemp_degC": 80,
        "setTemp_degC": 60,
        "lossFactor_WpK": 0.0,
        "heatCapacity_JpK": 1200000.0,
        "ambientTempType": "AIR"
      },
      {
        "type": "PHOTOVOLTAIC",
        "name": "Solarpanels_building",
        "category": "PRODUCTION",
        "capacityElectricity_kW": 3.0
      },
      {
        "type": "ELECTRIC_VEHICLE",
        "name": "EV",
        "category": "STORAGE",
        "capacityElectricity_kW": 7.0,
        "stateOfCharge_r": 1.0,
        "storageCapacity_kWh": 60.0,
        "energyConsumption_kWhpkm": 0.3,
        "vehicleScaling": 1
      }
    ],
    "category": "HOUSE",
    "insulation_label": "C",
    "heating_type": "HEATPUMP_AIR",
    "type": "SEMIDETACHED",
    "smart_assets": "TRUE",
    "pricelevel_low_dif_from_avg_eurpkWh": 0.02,
    "pricelevel_high_dif_from_avg_eurpkWh": 0.01
  },
  {
    "owner_actor": "hh15",
    "id": "h15",
    "capacity_kw": 17.0,
    "parent_electric": "E2",
    "parent_heat": null,
    "charging_mode": "CHEAP",
    "battery_mode": null,
    "assets": [
      {
        "type": "ELECTRICITY_DEMAND",
        "name": "House_other_electricity",
        "category": "CONSUMPTION",
        "yearlyDemandElectricity_kWh": 11000.0
      },
      {
        "type": "HOT_WATER_CONSUMPTION",
        "name": "House_hot_water",
        "category": "CONSUMPTION",
        "yearlyDemandHeat_kWh": 2000.0
      },
      {
        "type": "ELECTRIC_HOB",
        "name": "Electric hob",
        "category": "CONSUMPTION",
        "capacity_kW": 5.0
      },
      {
        "type": "HEAT_PUMP_AIR",
        "eta_r": 0.6,
        "name": "House_heatpump_MT_M",
        "category": "CONVERSION",
        "deliveryTemp_degC": 60.0,
        "capacityElectricity_kW": 6.0,
        "ambientTempType": null
      },
      {
        "type": "STORAGE_HEAT",
        "name": "Household heat buffer",
        "category": "STORAGE",
        "capacityHeat_kW": 4.0,
        "initial_temperature_degC": 70.0,
        "minTemp_degC": 55,
        "maxTemp_degC": 80,
        "setTemp_degC": 60,
        "lossFactor_WpK": 0.0,
        "heatCapacity_JpK": 1200000.0,
        "ambientTempType": "AIR"
      },
      {
        "type": "PHOTOVOLTAIC",
        "name": "Solarpanels_building",
        "category": "PRODUCTION",
        "capacityElectricity_kW": 3.0
      },
      {
        "type": "ELECTRIC_VEHICLE",
        "name": "EV",
        "category": "STORAGE",
        "capacityElectricity_kW": 7.0,
        "stateOfCharge_r": 1.0,
        "storageCapacity_kWh": 60.0,
        "energyConsumption_kWhpkm": 0.3,
        "vehicleScaling": 1
      }
    ],
    "category": "HOUSE",
    "insulation_label": "C",
    "heating_type": "HEATPUMP_AIR",
    "type": "SEMIDETACHED",
    "smart_assets": "TRUE",
    "pricelevel_low_dif_from_avg_eurpkWh": 0.023,
    "pricelevel_high_dif_from_avg_eurpkWh": 0.011
  },
  {
    "owner_actor": "hh16",
    "id": "h16",
    "capacity_kw": 17.0,
    "parent_electric": "E2",
    "parent_heat": null,
    "charging_mode": "CHEAP",
    "battery_mode": null,
    "assets": [
      {
        "type": "ELECTRICITY_DEMAND",
        "name": "House_other_electricity",
        "category": "CONSUMPTION",
        "yearlyDemandElectricity_kWh": 11000.0
      },
      {
        "type": "HOT_WATER_CONSUMPTION",
        "name": "House_hot_water",
        "category": "CONSUMPTION",
        "yearlyDemandHeat_kWh": 2000.0
      },
      {
        "type": "ELECTRIC_HOB",
        "name": "Electric hob",
        "category": "CONSUMPTION",
        "capacity_kW": 5.0
      },
      {
        "type": "HEAT_PUMP_AIR",
        "eta_r": 0.6,
        "name": "House_heatpump_MT_M",
        "category": "CONVERSION",
        "deliveryTemp_degC": 60.0,
        "capacityElectricity_kW": 6.0,
        "ambientTempType": null
      },
      {
        "type": "STORAGE_HEAT",
        "name": "Household heat buffer",
        "category": "STORAGE",
        "capacityHeat_kW": 4.0,
        "initial_temperature_degC": 70.0,
        "minTemp_degC": 55,
        "maxTemp_degC": 80,
        "setTemp_degC": 60,
        "lossFactor_WpK": 0.0,
        "heatCapacity_JpK": 1200000.0,
        "ambientTempType": "AIR"
      },
      {
        "type": "PHOTOVOLTAIC",
        "name": "Solarpanels_building",
        "category": "PRODUCTION",
        "capacityElectricity_kW": 3.0
      },
      {
        "type": "ELECTRIC_VEHICLE",
        "name": "EV",
        "category": "STORAGE",
        "capacityElectricity_kW": 7.0,
        "stateOfCharge_r": 1.0,
        "storageCapacity_kWh": 60.0,
        "energyConsumption_kWhpkm": 0.3,
        "vehicleScaling": 1
      }
    ],
    "category": "HOUSE",
    "insulation_label": "C",
    "heating_type": "HEATPUMP_AIR",
    "type": "SEMIDETACHED",
    "smart_assets": "TRUE",
    "pricelevel_low_dif_from_avg_eurpkWh": 0.02,
    "pricelevel_high_dif_from_avg_eurpkWh": 0.01
  },
  {
    "owner_actor": "hh17",
    "id": "h17",
    "capacity_kw": 17.0,
    "parent_electric": "E2",
    "parent_heat": null,
    "charging_mode": "CHEAP",
    "battery_mode": null,
    "assets": [
      {
        "type": "ELECTRICITY_DEMAND",
        "name": "House_other_electricity",
        "category": "CONSUMPTION",
        "yearlyDemandElectricity_kWh": 11000.0
      },
      {
        "type": "HOT_WATER_CONSUMPTION",
        "name": "House_hot_water",
        "category": "CONSUMPTION",
        "yearlyDemandHeat_kWh": 2000.0
      },
      {
        "type": "ELECTRIC_HOB",
        "name": "Electric hob",
        "category": "CONSUMPTION",
        "capacity_kW": 5.0
      },
      {
        "type": "HEAT_PUMP_AIR",
        "eta_r": 0.6,
        "name": "House_heatpump_MT_M",
        "category": "CONVERSION",
        "deliveryTemp_degC": 60.0,
        "capacityElectricity_kW": 6.0,
        "ambientTempType": null
      },
      {
        "type": "STORAGE_HEAT",
        "name": "Household heat buffer",
        "category": "STORAGE",
        "capacityHeat_kW": 4.0,
        "initial_temperature_degC": 70.0,
        "minTemp_degC": 55,
        "maxTemp_degC": 80,
        "setTemp_degC": 60,
        "lossFactor_WpK": 0.0,
        "heatCapacity_JpK": 1200000.0,
        "ambientTempType": "AIR"
      },
      {
        "type": "PHOTOVOLTAIC",
        "name": "Solarpanels_building",
        "category": "PRODUCTION",
        "capacityElectricity_kW": 3.0
      },
      {
        "type": "ELECTRIC_VEHICLE",
        "name": "EV",
        "category": "STORAGE",
        "capacityElectricity_kW": 7.0,
        "stateOfCharge_r": 1.0,
        "storageCapacity_kWh": 60.0,
        "energyConsumption_kWhpkm": 0.3,
        "vehicleScaling": 1
      }
    ],
    "category": "HOUSE",
    "insulation_label": "C",
    "heating_type": "HEATPUMP_AIR",
    "type": "SEMIDETACHED",
    "smart_assets": "TRUE",
    "pricelevel_low_dif_from_avg_eurpkWh": 0.018,
    "pricelevel_high_dif_from_avg_eurpkWh": 0.008
  },
  {
    "owner_actor": "hh18",
    "id": "h18",
    "capacity_kw": 17.0,
    "parent_electric": "E2",
    "parent_heat": null,
    "charging_mode": "CHEAP",
    "battery_mode": null,
    "assets": [
      {
        "type": "ELECTRICITY_DEMAND",
        "name": "House_other_electricity",
        "category": "CONSUMPTION",
        "yearlyDemandElectricity_kWh": 11000.0
      },
      {
        "type": "HOT_WATER_CONSUMPTION",
        "name": "House_hot_water",
        "category": "CONSUMPTION",
        "yearlyDemandHeat_kWh": 2000.0
      },
      {
        "type": "ELECTRIC_HOB",
        "name": "Electric hob",
        "category": "CONSUMPTION",
        "capacity_kW": 5.0
      },
      {
        "type": "HEAT_PUMP_AIR",
        "eta_r": 0.6,
        "name": "House_heatpump_MT_M",
        "category": "CONVERSION",
        "deliveryTemp_degC": 60.0,
        "capacityElectricity_kW": 6.0,
        "ambientTempType": null
      },
      {
        "type": "STORAGE_HEAT",
        "name": "Household heat buffer",
        "category": "STORAGE",
        "capacityHeat_kW": 4.0,
        "initial_temperature_degC": 70.0,
        "minTemp_degC": 55,
        "maxTemp_degC": 80,
        "setTemp_degC": 60,
        "lossFactor_WpK": 0.0,
        "heatCapacity_JpK": 1200000.0,
        "ambientTempType": "AIR"
      },
      {
        "type": "PHOTOVOLTAIC",
        "name": "Solarpanels_building",
        "category": "PRODUCTION",
        "capacityElectricity_kW": 3.0
      },
      {
        "type": "ELECTRIC_VEHICLE",
        "name": "EV",
        "category": "STORAGE",
        "capacityElectricity_kW": 7.0,
        "stateOfCharge_r": 1.0,
        "storageCapacity_kWh": 60.0,
        "energyConsumption_kWhpkm": 0.3,
        "vehicleScaling": 1
      }
    ],
    "category": "HOUSE",
    "insulation_label": "C",
    "heating_type": "HEATPUMP_AIR",
    "type": "SEMIDETACHED",
    "smart_assets": "TRUE",
    "pricelevel_low_dif_from_avg_eurpkWh": 0.019,
    "pricelevel_high_dif_from_avg_eurpkWh": 0.01
  },
  {
    "owner_actor": "hh19",
    "id": "h19",
    "capacity_kw": 17.0,
    "parent_electric": "E2",
    "parent_heat": null,
    "charging_mode": "CHEAP",
    "battery_mode": null,
    "assets": [
      {
        "type": "ELECTRICITY_DEMAND",
        "name": "House_other_electricity",
        "category": "CONSUMPTION",
        "yearlyDemandElectricity_kWh": 11000.0
      },
      {
        "type": "HOT_WATER_CONSUMPTION",
        "name": "House_hot_water",
        "category": "CONSUMPTION",
        "yearlyDemandHeat_kWh": 2000.0
      },
      {
        "type": "ELECTRIC_HOB",
        "name": "Electric hob",
        "category": "CONSUMPTION",
        "capacity_kW": 5.0
      },
      {
        "type": "HEAT_PUMP_AIR",
        "eta_r": 0.6,
        "name": "House_heatpump_MT_M",
        "category": "CONVERSION",
        "deliveryTemp_degC": 60.0,
        "capacityElectricity_kW": 6.0,
        "ambientTempType": null
      },
      {
        "type": "STORAGE_HEAT",
        "name": "Household heat buffer",
        "category": "STORAGE",
        "capacityHeat_kW": 4.0,
        "initial_temperature_degC": 70.0,
        "minTemp_degC": 55,
        "maxTemp_degC": 80,
        "setTemp_degC": 60,
        "lossFactor_WpK": 0.0,
        "heatCapacity_JpK": 1200000.0,
        "ambientTempType": "AIR"
      },
      {
        "type": "PHOTOVOLTAIC",
        "name": "Solarpanels_building",
        "category": "PRODUCTION",
        "capacityElectricity_kW": 3.0
      },
      {
        "type": "ELECTRIC_VEHICLE",
        "name": "EV",
        "category": "STORAGE",
        "capacityElectricity_kW": 7.0,
        "stateOfCharge_r": 1.0,
        "storageCapacity_kWh": 60.0,
        "energyConsumption_kWhpkm": 0.3,
        "vehicleScaling": 1
      }
    ],
    "category": "HOUSE",
    "insulation_label": "C",
    "heating_type": "HEATPUMP_AIR",
    "type": "SEMIDETACHED",
    "smart_assets": "TRUE",
    "pricelevel_low_dif_from_avg_eurpkWh": 0.022,
    "pricelevel_high_dif_from_avg_eurpkWh": 0.011
  },
  {
    "owner_actor": "hh20",
    "id": "h20",
    "capacity_kw": 17.0,
    "parent_electric": "E2",
    "parent_heat": null,
    "charging_mode": "CHEAP",
    "battery_mode": null,
    "assets": [
      {
        "type": "ELECTRICITY_DEMAND",
        "name": "House_other_electricity",
        "category": "CONSUMPTION",
        "yearlyDemandElectricity_kWh": 11000.0
      },
      {
        "type": "HOT_WATER_CONSUMPTION",
        "name": "House_hot_water",
        "category": "CONSUMPTION",
        "yearlyDemandHeat_kWh": 2000.0
      },
      {
        "type": "ELECTRIC_HOB",
        "name": "Electric hob",
        "category": "CONSUMPTION",
        "capacity_kW": 5.0
      },
      {
        "type": "HEAT_PUMP_AIR",
        "eta_r": 0.6,
        "name": "House_heatpump_MT_M",
        "category": "CONVERSION",
        "deliveryTemp_degC": 60.0,
        "capacityElectricity_kW": 6.0,
        "ambientTempType": null
      },
      {
        "type": "STORAGE_HEAT",
        "name": "Household heat buffer",
        "category": "STORAGE",
        "capacityHeat_kW": 4.0,
        "initial_temperature_degC": 70.0,
        "minTemp_degC": 55,
        "maxTemp_degC": 80,
        "setTemp_degC": 60,
        "lossFactor_WpK": 0.0,
        "heatCapacity_JpK": 1200000.0,
        "ambientTempType": "AIR"
      },
      {
        "type": "PHOTOVOLTAIC",
        "name": "Solarpanels_building",
        "category": "PRODUCTION",
        "capacityElectricity_kW": 3.0
      },
      {
        "type": "ELECTRIC_VEHICLE",
        "name": "EV",
        "category": "STORAGE",
        "capacityElectricity_kW": 7.0,
        "stateOfCharge_r": 1.0,
        "storageCapacity_kWh": 60.0,
        "energyConsumption_kWhpkm": 0.3,
        "vehicleScaling": 1
      }
    ],
    "category": "HOUSE",
    "insulation_label": "C",
    "heating_type": "HEATPUMP_AIR",
    "type": "SEMIDETACHED",
    "smart_assets": "TRUE",
    "pricelevel_low_dif_from_avg_eurpkWh": 0.019,
    "pricelevel_high_dif_from_avg_eurpkWh": 0.01
  },
  {
    "owner_actor": "hh21",
    "id": "h21",
    "capacity_kw": 17.0,
    "parent_electric": "E2",
    "parent_heat": null,
    "charging_mode": "CHEAP",
    "battery_mode": null,
    "assets": [
      {
        "type": "ELECTRICITY_DEMAND",
        "name": "House_other_electricity",
        "category": "CONSUMPTION",
        "yearlyDemandElectricity_kWh": 11000.0
      },
      {
        "type": "HOT_WATER_CONSUMPTION",
        "name": "House_hot_water",
        "category": "CONSUMPTION",
        "yearlyDemandHeat_kWh": 2000.0
      },
      {
        "type": "ELECTRIC_HOB",
        "name": "Electric hob",
        "category": "CONSUMPTION",
        "capacity_kW": 5.0
      },
      {
        "type": "HEAT_PUMP_AIR",
        "eta_r": 0.6,
        "name": "House_heatpump_MT_M",
        "category": "CONVERSION",
        "deliveryTemp_degC": 60.0,
        "capacityElectricity_kW": 6.0,
        "ambientTempType": null
      },
      {
        "type": "STORAGE_HEAT",
        "name": "Household heat buffer",
        "category": "STORAGE",
        "capacityHeat_kW": 4.0,
        "initial_temperature_degC": 70.0,
        "minTemp_degC": 55,
        "maxTemp_degC": 80,
        "setTemp_degC": 60,
        "lossFactor_WpK": 0.0,
        "heatCapacity_JpK": 1200000.0,
        "ambientTempType": "AIR"
      },
      {
        "type": "PHOTOVOLTAIC",
        "name": "Solarpanels_building",
        "category": "PRODUCTION",
        "capacityElectricity_kW": 3.0
      },
      {
        "type": "ELECTRIC_VEHICLE",
        "name": "EV",
        "category": "STORAGE",
        "capacityElectricity_kW": 7.0,
        "stateOfCharge_r": 1.0,
        "storageCapacity_kWh": 60.0,
        "energyConsumption_kWhpkm": 0.3,
        "vehicleScaling": 1
      }
    ],
    "category": "HOUSE",
    "insulation_label": "C",
    "heating_type": "HEATPUMP_AIR",
    "type": "SEMIDETACHED",
    "smart_assets": "TRUE",
    "pricelevel_low_dif_from_avg_eurpkWh": 0.018,
    "pricelevel_high_dif_from_avg_eurpkWh": 0.009
  },
  {
    "owner_actor": "hh22",
    "id": "h22",
    "capacity_kw": 17.0,
    "parent_electric": "E2",
    "parent_heat": null,
    "charging_mode": "CHEAP",
    "battery_mode": null,
    "assets": [
      {
        "type": "ELECTRICITY_DEMAND",
        "name": "House_other_electricity",
        "category": "CONSUMPTION",
        "yearlyDemandElectricity_kWh": 11000.0
      },
      {
        "type": "HOT_WATER_CONSUMPTION",
        "name": "House_hot_water",
        "category": "CONSUMPTION",
        "yearlyDemandHeat_kWh": 2000.0
      },
      {
        "type": "ELECTRIC_HOB",
        "name": "Electric hob",
        "category": "CONSUMPTION",
        "capacity_kW": 5.0
      },
      {
        "type": "HEAT_PUMP_AIR",
        "eta_r": 0.6,
        "name": "House_heatpump_MT_M",
        "category": "CONVERSION",
        "deliveryTemp_degC": 60.0,
        "capacityElectricity_kW": 6.0,
        "ambientTempType": null
      },
      {
        "type": "STORAGE_HEAT",
        "name": "Household heat buffer",
        "category": "STORAGE",
        "capacityHeat_kW": 4.0,
        "initial_temperature_degC": 70.0,
        "minTemp_degC": 55,
        "maxTemp_degC": 80,
        "setTemp_degC": 60,
        "lossFactor_WpK": 0.0,
        "heatCapacity_JpK": 1200000.0,
        "ambientTempType": "AIR"
      },
      {
        "type": "PHOTOVOLTAIC",
        "name": "Solarpanels_building",
        "category": "PRODUCTION",
        "capacityElectricity_kW": 3.0
      },
      {
        "type": "ELECTRIC_VEHICLE",
        "name": "EV",
        "category": "STORAGE",
        "capacityElectricity_kW": 7.0,
        "stateOfCharge_r": 1.0,
        "storageCapacity_kWh": 60.0,
        "energyConsumption_kWhpkm": 0.3,
        "vehicleScaling": 1
      }
    ],
    "category": "HOUSE",
    "insulation_label": "C",
    "heating_type": "HEATPUMP_AIR",
    "type": "SEMIDETACHED",
    "smart_assets": "TRUE",
    "pricelevel_low_dif_from_avg_eurpkWh": 0.017,
    "pricelevel_high_dif_from_avg_eurpkWh": 0.012
  },
  {
    "owner_actor": "hh23",
    "id": "h23",
    "capacity_kw": 17.0,
    "parent_electric": "E2",
    "parent_heat": null,
    "charging_mode": "CHEAP",
    "battery_mode": null,
    "assets": [
      {
        "type": "ELECTRICITY_DEMAND",
        "name": "House_other_electricity",
        "category": "CONSUMPTION",
        "yearlyDemandElectricity_kWh": 11000.0
      },
      {
        "type": "HOT_WATER_CONSUMPTION",
        "name": "House_hot_water",
        "category": "CONSUMPTION",
        "yearlyDemandHeat_kWh": 2000.0
      },
      {
        "type": "ELECTRIC_HOB",
        "name": "Electric hob",
        "category": "CONSUMPTION",
        "capacity_kW": 5.0
      },
      {
        "type": "HEAT_PUMP_AIR",
        "eta_r": 0.6,
        "name": "House_heatpump_MT_M",
        "category": "CONVERSION",
        "deliveryTemp_degC": 60.0,
        "capacityElectricity_kW": 6.0,
        "ambientTempType": null
      },
      {
        "type": "STORAGE_HEAT",
        "name": "Household heat buffer",
        "category": "STORAGE",
        "capacityHeat_kW": 4.0,
        "initial_temperature_degC": 70.0,
        "minTemp_degC": 55,
        "maxTemp_degC": 80,
        "setTemp_degC": 60,
        "lossFactor_WpK": 0.0,
        "heatCapacity_JpK": 1200000.0,
        "ambientTempType": "AIR"
      },
      {
        "type": "PHOTOVOLTAIC",
        "name": "Solarpanels_building",
        "category": "PRODUCTION",
        "capacityElectricity_kW": 3.0
      },
      {
        "type": "ELECTRIC_VEHICLE",
        "name": "EV",
        "category": "STORAGE",
        "capacityElectricity_kW": 7.0,
        "stateOfCharge_r": 1.0,
        "storageCapacity_kWh": 60.0,
        "energyConsumption_kWhpkm": 0.3,
        "vehicleScaling": 1
      }
    ],
    "category": "HOUSE",
    "insulation_label": "C",
    "heating_type": "HEATPUMP_AIR",
    "type": "SEMIDETACHED",
    "smart_assets": "TRUE",
    "pricelevel_low_dif_from_avg_eurpkWh": 0.019,
    "pricelevel_high_dif_from_avg_eurpkWh": 0.01
  },
  {
    "owner_actor": "hh24",
    "id": "h24",
    "capacity_kw": 17.0,
    "parent_electric": "E2",
    "parent_heat": null,
    "charging_mode": "CHEAP",
    "battery_mode": null,
    "assets": [
      {
        "type": "ELECTRICITY_DEMAND",
        "name": "House_other_electricity",
        "category": "CONSUMPTION",
        "yearlyDemandElectricity_kWh": 11000.0
      },
      {
        "type": "HOT_WATER_CONSUMPTION",
        "name": "House_hot_water",
        "category": "CONSUMPTION",
        "yearlyDemandHeat_kWh": 2000.0
      },
      {
        "type": "ELECTRIC_HOB",
        "name": "Electric hob",
        "category": "CONSUMPTION",
        "capacity_kW": 5.0
      },
      {
        "type": "HEAT_PUMP_AIR",
        "eta_r": 0.6,
        "name": "House_heatpump_MT_M",
        "category": "CONVERSION",
        "deliveryTemp_degC": 60.0,
        "capacityElectricity_kW": 6.0,
        "ambientTempType": null
      },
      {
        "type": "STORAGE_HEAT",
        "name": "Household heat buffer",
        "category": "STORAGE",
        "capacityHeat_kW": 4.0,
        "initial_temperature_degC": 70.0,
        "minTemp_degC": 55,
        "maxTemp_degC": 80,
        "setTemp_degC": 60,
        "lossFactor_WpK": 0.0,
        "heatCapacity_JpK": 1200000.0,
        "ambientTempType": "AIR"
      },
      {
        "type": "PHOTOVOLTAIC",
        "name": "Solarpanels_building",
        "category": "PRODUCTION",
        "capacityElectricity_kW": 3.0
      },
      {
        "type": "ELECTRIC_VEHICLE",
        "name": "EV",
        "category": "STORAGE",
        "capacityElectricity_kW": 7.0,
        "stateOfCharge_r": 1.0,
        "storageCapacity_kWh": 60.0,
        "energyConsumption_kWhpkm": 0.3,
        "vehicleScaling": 1
      }
    ],
    "category": "HOUSE",
    "insulation_label": "C",
    "heating_type": "HEATPUMP_AIR",
    "type": "SEMIDETACHED",
    "smart_assets": "TRUE",
    "pricelevel_low_dif_from_avg_eurpkWh": 0.017,
    "pricelevel_high_dif_from_avg_eurpkWh": 0.011
  },
  {
    "owner_actor": "hh25",
    "id": "h25",
    "capacity_kw": 17.0,
    "parent_electric": "E2",
    "parent_heat": null,
    "charging_mode": "CHEAP",
    "battery_mode": null,
    "assets": [
      {
        "type": "ELECTRICITY_DEMAND",
        "name": "House_other_electricity",
        "category": "CONSUMPTION",
        "yearlyDemandElectricity_kWh": 11000.0
      },
      {
        "type": "HOT_WATER_CONSUMPTION",
        "name": "House_hot_water",
        "category": "CONSUMPTION",
        "yearlyDemandHeat_kWh": 2000.0
      },
      {
        "type": "ELECTRIC_HOB",
        "name": "Electric hob",
        "category": "CONSUMPTION",
        "capacity_kW": 5.0
      },
      {
        "type": "HEAT_PUMP_AIR",
        "eta_r": 0.6,
        "name": "House_heatpump_MT_M",
        "category": "CONVERSION",
        "deliveryTemp_degC": 60.0,
        "capacityElectricity_kW": 6.0,
        "ambientTempType": null
      },
      {
        "type": "STORAGE_HEAT",
        "name": "Household heat buffer",
        "category": "STORAGE",
        "capacityHeat_kW": 4.0,
        "initial_temperature_degC": 70.0,
        "minTemp_degC": 55,
        "maxTemp_degC": 80,
        "setTemp_degC": 60,
        "lossFactor_WpK": 0.0,
        "heatCapacity_JpK": 1200000.0,
        "ambientTempType": "AIR"
      },
      {
        "type": "PHOTOVOLTAIC",
        "name": "Solarpanels_building",
        "category": "PRODUCTION",
        "capacityElectricity_kW": 3.0
      },
      {
        "type": "ELECTRIC_VEHICLE",
        "name": "EV",
        "category": "STORAGE",
        "capacityElectricity_kW": 7.0,
        "stateOfCharge_r": 1.0,
        "storageCapacity_kWh": 60.0,
        "energyConsumption_kWhpkm": 0.3,
        "vehicleScaling": 1
      }
    ],
    "category": "HOUSE",
    "insulation_label": "C",
    "heating_type": "HEATPUMP_AIR",
    "type": "SEMIDETACHED",
    "smart_assets": "TRUE",
    "pricelevel_low_dif_from_avg_eurpkWh": 0.017,
    "pricelevel_high_dif_from_avg_eurpkWh": 0.01
  },
  {
    "owner_actor": "hh26",
    "id": "h26",
    "capacity_kw": 17.0,
    "parent_electric": "E2",
    "parent_heat": null,
    "charging_mode": "CHEAP",
    "battery_mode": null,
    "assets": [
      {
        "type": "ELECTRICITY_DEMAND",
        "name": "House_other_electricity",
        "category": "CONSUMPTION",
        "yearlyDemandElectricity_kWh": 11000.0
      },
      {
        "type": "HOT_WATER_CONSUMPTION",
        "name": "House_hot_water",
        "category": "CONSUMPTION",
        "yearlyDemandHeat_kWh": 2000.0
      },
      {
        "type": "ELECTRIC_HOB",
        "name": "Electric hob",
        "category": "CONSUMPTION",
        "capacity_kW": 5.0
      },
      {
        "type": "HEAT_PUMP_AIR",
        "eta_r": 0.6,
        "name": "House_heatpump_MT_M",
        "category": "CONVERSION",
        "deliveryTemp_degC": 60.0,
        "capacityElectricity_kW": 6.0,
        "ambientTempType": null
      },
      {
        "type": "STORAGE_HEAT",
        "name": "Household heat buffer",
        "category": "STORAGE",
        "capacityHeat_kW": 4.0,
        "initial_temperature_degC": 70.0,
        "minTemp_degC": 55,
        "maxTemp_degC": 80,
        "setTemp_degC": 60,
        "lossFactor_WpK": 0.0,
        "heatCapacity_JpK": 1200000.0,
        "ambientTempType": "AIR"
      },
      {
        "type": "PHOTOVOLTAIC",
        "name": "Solarpanels_building",
        "category": "PRODUCTION",
        "capacityElectricity_kW": 3.0
      },
      {
        "type": "ELECTRIC_VEHICLE",
        "name": "EV",
        "category": "STORAGE",
        "capacityElectricity_kW": 7.0,
        "stateOfCharge_r": 1.0,
        "storageCapacity_kWh": 60.0,
        "energyConsumption_kWhpkm": 0.3,
        "vehicleScaling": 1
      }
    ],
    "category": "HOUSE",
    "insulation_label": "C",
    "heating_type": "HEATPUMP_AIR",
    "type": "SEMIDETACHED",
    "smart_assets": "TRUE",
    "pricelevel_low_dif_from_avg_eurpkWh": 0.018,
    "pricelevel_high_dif_from_avg_eurpkWh": 0.01
  },
  {
    "owner_actor": "hh27",
    "id": "h27",
    "capacity_kw": 17.0,
    "parent_electric": "E2",
    "parent_heat": null,
    "charging_mode": "CHEAP",
    "battery_mode": null,
    "assets": [
      {
        "type": "ELECTRICITY_DEMAND",
        "name": "House_other_electricity",
        "category": "CONSUMPTION",
        "yearlyDemandElectricity_kWh": 11000.0
      },
      {
        "type": "HOT_WATER_CONSUMPTION",
        "name": "House_hot_water",
        "category": "CONSUMPTION",
        "yearlyDemandHeat_kWh": 2000.0
      },
      {
        "type": "ELECTRIC_HOB",
        "name": "Electric hob",
        "category": "CONSUMPTION",
        "capacity_kW": 5.0
      },
      {
        "type": "HEAT_PUMP_AIR",
        "eta_r": 0.6,
        "name": "House_heatpump_MT_M",
        "category": "CONVERSION",
        "deliveryTemp_degC": 60.0,
        "capacityElectricity_kW": 6.0,
        "ambientTempType": null
      },
      {
        "type": "STORAGE_HEAT",
        "name": "Household heat buffer",
        "category": "STORAGE",
        "capacityHeat_kW": 4.0,
        "initial_temperature_degC": 70.0,
        "minTemp_degC": 55,
        "maxTemp_degC": 80,
        "setTemp_degC": 60,
        "lossFactor_WpK": 0.0,
        "heatCapacity_JpK": 1200000.0,
        "ambientTempType": "AIR"
      },
      {
        "type": "PHOTOVOLTAIC",
        "name": "Solarpanels_building",
        "category": "PRODUCTION",
        "capacityElectricity_kW": 3.0
      },
      {
        "type": "ELECTRIC_VEHICLE",
        "name": "EV",
        "category": "STORAGE",
        "capacityElectricity_kW": 7.0,
        "stateOfCharge_r": 1.0,
        "storageCapacity_kWh": 60.0,
        "energyConsumption_kWhpkm": 0.3,
        "vehicleScaling": 1
      }
    ],
    "category": "HOUSE",
    "insulation_label": "C",
    "heating_type": "HEATPUMP_AIR",
    "type": "SEMIDETACHED",
    "smart_assets": "TRUE",
    "pricelevel_low_dif_from_avg_eurpkWh": 0.019,
    "pricelevel_high_dif_from_avg_eurpkWh": 0.009
  },
  {
    "owner_actor": "hh28",
    "id": "h28",
    "capacity_kw": 17.0,
    "parent_electric": "E2",
    "parent_heat": null,
    "charging_mode": "CHEAP",
    "battery_mode": null,
    "assets": [
      {
        "type": "ELECTRICITY_DEMAND",
        "name": "House_other_electricity",
        "category": "CONSUMPTION",
        "yearlyDemandElectricity_kWh": 11000.0
      },
      {
        "type": "HOT_WATER_CONSUMPTION",
        "name": "House_hot_water",
        "category": "CONSUMPTION",
        "yearlyDemandHeat_kWh": 2000.0
      },
      {
        "type": "ELECTRIC_HOB",
        "name": "Electric hob",
        "category": "CONSUMPTION",
        "capacity_kW": 5.0
      },
      {
        "type": "HEAT_PUMP_AIR",
        "eta_r": 0.6,
        "name": "House_heatpump_MT_M",
        "category": "CONVERSION",
        "deliveryTemp_degC": 60.0,
        "capacityElectricity_kW": 6.0,
        "ambientTempType": null
      },
      {
        "type": "STORAGE_HEAT",
        "name": "Household heat buffer",
        "category": "STORAGE",
        "capacityHeat_kW": 4.0,
        "initial_temperature_degC": 70.0,
        "minTemp_degC": 55,
        "maxTemp_degC": 80,
        "setTemp_degC": 60,
        "lossFactor_WpK": 0.0,
        "heatCapacity_JpK": 1200000.0,
        "ambientTempType": "AIR"
      },
      {
        "type": "PHOTOVOLTAIC",
        "name": "Solarpanels_building",
        "category": "PRODUCTION",
        "capacityElectricity_kW": 3.0
      },
      {
        "type": "ELECTRIC_VEHICLE",
        "name": "EV",
        "category": "STORAGE",
        "capacityElectricity_kW": 7.0,
        "stateOfCharge_r": 1.0,
        "storageCapacity_kWh": 60.0,
        "energyConsumption_kWhpkm": 0.3,
        "vehicleScaling": 1
      }
    ],
    "category": "HOUSE",
    "insulation_label": "C",
    "heating_type": "HEATPUMP_AIR",
    "type": "SEMIDETACHED",
    "smart_assets": "TRUE",
    "pricelevel_low_dif_from_avg_eurpkWh": 0.02,
    "pricelevel_high_dif_from_avg_eurpkWh": 0.01
  },
  {
    "owner_actor": "hh29",
    "id": "h29",
    "capacity_kw": 17.0,
    "parent_electric": "E2",
    "parent_heat": null,
    "charging_mode": "CHEAP",
    "battery_mode": null,
    "assets": [
      {
        "type": "ELECTRICITY_DEMAND",
        "name": "House_other_electricity",
        "category": "CONSUMPTION",
        "yearlyDemandElectricity_kWh": 11000.0
      },
      {
        "type": "HOT_WATER_CONSUMPTION",
        "name": "House_hot_water",
        "category": "CONSUMPTION",
        "yearlyDemandHeat_kWh": 2000.0
      },
      {
        "type": "ELECTRIC_HOB",
        "name": "Electric hob",
        "category": "CONSUMPTION",
        "capacity_kW": 5.0
      },
      {
        "type": "HEAT_PUMP_AIR",
        "eta_r": 0.6,
        "name": "House_heatpump_MT_M",
        "category": "CONVERSION",
        "deliveryTemp_degC": 60.0,
        "capacityElectricity_kW": 6.0,
        "ambientTempType": null
      },
      {
        "type": "STORAGE_HEAT",
        "name": "Household heat buffer",
        "category": "STORAGE",
        "capacityHeat_kW": 4.0,
        "initial_temperature_degC": 70.0,
        "minTemp_degC": 55,
        "maxTemp_degC": 80,
        "setTemp_degC": 60,
        "lossFactor_WpK": 0.0,
        "heatCapacity_JpK": 1200000.0,
        "ambientTempType": "AIR"
      },
      {
        "type": "PHOTOVOLTAIC",
        "name": "Solarpanels_building",
        "category": "PRODUCTION",
        "capacityElectricity_kW": 3.0
      },
      {
        "type": "ELECTRIC_VEHICLE",
        "name": "EV",
        "category": "STORAGE",
        "capacityElectricity_kW": 7.0,
        "stateOfCharge_r": 1.0,
        "storageCapacity_kWh": 60.0,
        "energyConsumption_kWhpkm": 0.3,
        "vehicleScaling": 1
      }
    ],
    "category": "HOUSE",
    "insulation_label": "C",
    "heating_type": "HEATPUMP_AIR",
    "type": "SEMIDETACHED",
    "smart_assets": "TRUE",
    "pricelevel_low_dif_from_avg_eurpkWh": 0.02,
    "pricelevel_high_dif_from_avg_eurpkWh": 0.01
  },
  {
    "owner_actor": "hh30",
    "id": "h30",
    "capacity_kw": 17.0,
    "parent_electric": "E2",
    "parent_heat": null,
    "charging_mode": "CHEAP",
    "battery_mode": null,
    "assets": [
      {
        "type": "ELECTRICITY_DEMAND",
        "name": "House_other_electricity",
        "category": "CONSUMPTION",
        "yearlyDemandElectricity_kWh": 11000.0
      },
      {
        "type": "HOT_WATER_CONSUMPTION",
        "name": "House_hot_water",
        "category": "CONSUMPTION",
        "yearlyDemandHeat_kWh": 2000.0
      },
      {
        "type": "ELECTRIC_HOB",
        "name": "Electric hob",
        "category": "CONSUMPTION",
        "capacity_kW": 5.0
      },
      {
        "type": "HEAT_PUMP_AIR",
        "eta_r": 0.6,
        "name": "House_heatpump_MT_M",
        "category": "CONVERSION",
        "deliveryTemp_degC": 60.0,
        "capacityElectricity_kW": 6.0,
        "ambientTempType": null
      },
      {
        "type": "STORAGE_HEAT",
        "name": "Household heat buffer",
        "category": "STORAGE",
        "capacityHeat_kW": 4.0,
        "initial_temperature_degC": 70.0,
        "minTemp_degC": 55,
        "maxTemp_degC": 80,
        "setTemp_degC": 60,
        "lossFactor_WpK": 0.0,
        "heatCapacity_JpK": 1200000.0,
        "ambientTempType": "AIR"
      },
      {
        "type": "PHOTOVOLTAIC",
        "name": "Solarpanels_building",
        "category": "PRODUCTION",
        "capacityElectricity_kW": 3.0
      },
      {
        "type": "ELECTRIC_VEHICLE",
        "name": "EV",
        "category": "STORAGE",
        "capacityElectricity_kW": 7.0,
        "stateOfCharge_r": 1.0,
        "storageCapacity_kWh": 60.0,
        "energyConsumption_kWhpkm": 0.3,
        "vehicleScaling": 1
      }
    ],
    "category": "HOUSE",
    "insulation_label": "C",
    "heating_type": "HEATPUMP_AIR",
    "type": "SEMIDETACHED",
    "smart_assets": "TRUE",
    "pricelevel_low_dif_from_avg_eurpkWh": 0.019,
    "pricelevel_high_dif_from_avg_eurpkWh": 0.01
  },
  {
    "owner_actor": "hh31",
    "id": "h31",
    "capacity_kw": 17.0,
    "parent_electric": "E2",
    "parent_heat": null,
    "charging_mode": "CHEAP",
    "battery_mode": null,
    "assets": [
      {
        "type": "ELECTRICITY_DEMAND",
        "name": "House_other_electricity",
        "category": "CONSUMPTION",
        "yearlyDemandElectricity_kWh": 11000.0
      },
      {
        "type": "HOT_WATER_CONSUMPTION",
        "name": "House_hot_water",
        "category": "CONSUMPTION",
        "yearlyDemandHeat_kWh": 2000.0
      },
      {
        "type": "ELECTRIC_HOB",
        "name": "Electric hob",
        "category": "CONSUMPTION",
        "capacity_kW": 5.0
      },
      {
        "type": "HEAT_PUMP_AIR",
        "eta_r": 0.6,
        "name": "House_heatpump_MT_M",
        "category": "CONVERSION",
        "deliveryTemp_degC": 60.0,
        "capacityElectricity_kW": 6.0,
        "ambientTempType": null
      },
      {
        "type": "STORAGE_HEAT",
        "name": "Household heat buffer",
        "category": "STORAGE",
        "capacityHeat_kW": 4.0,
        "initial_temperature_degC": 70.0,
        "minTemp_degC": 55,
        "maxTemp_degC": 80,
        "setTemp_degC": 60,
        "lossFactor_WpK": 0.0,
        "heatCapacity_JpK": 1200000.0,
        "ambientTempType": "AIR"
      },
      {
        "type": "PHOTOVOLTAIC",
        "name": "Solarpanels_building",
        "category": "PRODUCTION",
        "capacityElectricity_kW": 3.0
      },
      {
        "type": "ELECTRIC_VEHICLE",
        "name": "EV",
        "category": "STORAGE",
        "capacityElectricity_kW": 7.0,
        "stateOfCharge_r": 1.0,
        "storageCapacity_kWh": 60.0,
        "energyConsumption_kWhpkm": 0.3,
        "vehicleScaling": 1
      }
    ],
    "category": "HOUSE",
    "insulation_label": "C",
    "heating_type": "HEATPUMP_AIR",
    "type": "SEMIDETACHED",
    "smart_assets": "TRUE",
    "pricelevel_low_dif_from_avg_eurpkWh": 0.019,
    "pricelevel_high_dif_from_avg_eurpkWh": 0.01
  },
  {
    "owner_actor": "hh32",
    "id": "h32",
    "capacity_kw": 17.0,
    "parent_electric": "E2",
    "parent_heat": null,
    "charging_mode": "CHEAP",
    "battery_mode": null,
    "assets": [
      {
        "type": "ELECTRICITY_DEMAND",
        "name": "House_other_electricity",
        "category": "CONSUMPTION",
        "yearlyDemandElectricity_kWh": 11000.0
      },
      {
        "type": "HOT_WATER_CONSUMPTION",
        "name": "House_hot_water",
        "category": "CONSUMPTION",
        "yearlyDemandHeat_kWh": 2000.0
      },
      {
        "type": "ELECTRIC_HOB",
        "name": "Electric hob",
        "category": "CONSUMPTION",
        "capacity_kW": 5.0
      },
      {
        "type": "HEAT_PUMP_AIR",
        "eta_r": 0.6,
        "name": "House_heatpump_MT_M",
        "category": "CONVERSION",
        "deliveryTemp_degC": 60.0,
        "capacityElectricity_kW": 6.0,
        "ambientTempType": null
      },
      {
        "type": "STORAGE_HEAT",
        "name": "Household heat buffer",
        "category": "STORAGE",
        "capacityHeat_kW": 4.0,
        "initial_temperature_degC": 70.0,
        "minTemp_degC": 55,
        "maxTemp_degC": 80,
        "setTemp_degC": 60,
        "lossFactor_WpK": 0.0,
        "heatCapacity_JpK": 1200000.0,
        "ambientTempType": "AIR"
      },
      {
        "type": "PHOTOVOLTAIC",
        "name": "Solarpanels_building",
        "category": "PRODUCTION",
        "capacityElectricity_kW": 3.0
      },
      {
        "type": "ELECTRIC_VEHICLE",
        "name": "EV",
        "category": "STORAGE",
        "capacityElectricity_kW": 7.0,
        "stateOfCharge_r": 1.0,
        "storageCapacity_kWh": 60.0,
        "energyConsumption_kWhpkm": 0.3,
        "vehicleScaling": 1
      }
    ],
    "category": "HOUSE",
    "insulation_label": "C",
    "heating_type": "HEATPUMP_AIR",
    "type": "SEMIDETACHED",
    "smart_assets": "TRUE",
    "pricelevel_low_dif_from_avg_eurpkWh": 0.018,
    "pricelevel_high_dif_from_avg_eurpkWh": 0.008
  },
  {
    "owner_actor": "hh33",
    "id": "h33",
    "capacity_kw": 17.0,
    "parent_electric": "E2",
    "parent_heat": null,
    "charging_mode": "CHEAP",
    "battery_mode": null,
    "assets": [
      {
        "type": "ELECTRICITY_DEMAND",
        "name": "House_other_electricity",
        "category": "CONSUMPTION",
        "yearlyDemandElectricity_kWh": 11000.0
      },
      {
        "type": "HOT_WATER_CONSUMPTION",
        "name": "House_hot_water",
        "category": "CONSUMPTION",
        "yearlyDemandHeat_kWh": 2000.0
      },
      {
        "type": "ELECTRIC_HOB",
        "name": "Electric hob",
        "category": "CONSUMPTION",
        "capacity_kW": 5.0
      },
      {
        "type": "HEAT_PUMP_AIR",
        "eta_r": 0.6,
        "name": "House_heatpump_MT_M",
        "category": "CONVERSION",
        "deliveryTemp_degC": 60.0,
        "capacityElectricity_kW": 6.0,
        "ambientTempType": null
      },
      {
        "type": "STORAGE_HEAT",
        "name": "Household heat buffer",
        "category": "STORAGE",
        "capacityHeat_kW": 4.0,
        "initial_temperature_degC": 70.0,
        "minTemp_degC": 55,
        "maxTemp_degC": 80,
        "setTemp_degC": 60,
        "lossFactor_WpK": 0.0,
        "heatCapacity_JpK": 1200000.0,
        "ambientTempType": "AIR"
      },
      {
        "type": "PHOTOVOLTAIC",
        "name": "Solarpanels_building",
        "category": "PRODUCTION",
        "capacityElectricity_kW": 3.0
      },
      {
        "type": "ELECTRIC_VEHICLE",
        "name": "EV",
        "category": "STORAGE",
        "capacityElectricity_kW": 7.0,
        "stateOfCharge_r": 1.0,
        "storageCapacity_kWh": 60.0,
        "energyConsumption_kWhpkm": 0.3,
        "vehicleScaling": 1
      }
    ],
    "category": "HOUSE",
    "insulation_label": "C",
    "heating_type": "HEATPUMP_AIR",
    "type": "SEMIDETACHED",
    "smart_assets": "TRUE",
    "pricelevel_low_dif_from_avg_eurpkWh": 0.02,
    "pricelevel_high_dif_from_avg_eurpkWh": 0.01
  },
  {
    "owner_actor": "hh34",
    "id": "h34",
    "capacity_kw": 17.0,
    "parent_electric": "E2",
    "parent_heat": null,
    "charging_mode": "CHEAP",
    "battery_mode": null,
    "assets": [
      {
        "type": "ELECTRICITY_DEMAND",
        "name": "House_other_electricity",
        "category": "CONSUMPTION",
        "yearlyDemandElectricity_kWh": 11000.0
      },
      {
        "type": "HOT_WATER_CONSUMPTION",
        "name": "House_hot_water",
        "category": "CONSUMPTION",
        "yearlyDemandHeat_kWh": 2000.0
      },
      {
        "type": "ELECTRIC_HOB",
        "name": "Electric hob",
        "category": "CONSUMPTION",
        "capacity_kW": 5.0
      },
      {
        "type": "HEAT_PUMP_AIR",
        "eta_r": 0.6,
        "name": "House_heatpump_MT_M",
        "category": "CONVERSION",
        "deliveryTemp_degC": 60.0,
        "capacityElectricity_kW": 6.0,
        "ambientTempType": null
      },
      {
        "type": "STORAGE_HEAT",
        "name": "Household heat buffer",
        "category": "STORAGE",
        "capacityHeat_kW": 4.0,
        "initial_temperature_degC": 70.0,
        "minTemp_degC": 55,
        "maxTemp_degC": 80,
        "setTemp_degC": 60,
        "lossFactor_WpK": 0.0,
        "heatCapacity_JpK": 1200000.0,
        "ambientTempType": "AIR"
      },
      {
        "type": "PHOTOVOLTAIC",
        "name": "Solarpanels_building",
        "category": "PRODUCTION",
        "capacityElectricity_kW": 3.0
      },
      {
        "type": "ELECTRIC_VEHICLE",
        "name": "EV",
        "category": "STORAGE",
        "capacityElectricity_kW": 7.0,
        "stateOfCharge_r": 1.0,
        "storageCapacity_kWh": 60.0,
        "energyConsumption_kWhpkm": 0.3,
        "vehicleScaling": 1
      }
    ],
    "category": "HOUSE",
    "insulation_label": "C",
    "heating_type": "HEATPUMP_AIR",
    "type": "SEMIDETACHED",
    "smart_assets": "TRUE",
    "pricelevel_low_dif_from_avg_eurpkWh": 0.017,
    "pricelevel_high_dif_from_avg_eurpkWh": 0.01
  },
  {
    "owner_actor": "hh35",
    "id": "h35",
    "capacity_kw": 17.0,
    "parent_electric": "E2",
    "parent_heat": null,
    "charging_mode": "CHEAP",
    "battery_mode": null,
    "assets": [
      {
        "type": "ELECTRICITY_DEMAND",
        "name": "House_other_electricity",
        "category": "CONSUMPTION",
        "yearlyDemandElectricity_kWh": 11000.0
      },
      {
        "type": "HOT_WATER_CONSUMPTION",
        "name": "House_hot_water",
        "category": "CONSUMPTION",
        "yearlyDemandHeat_kWh": 2000.0
      },
      {
        "type": "ELECTRIC_HOB",
        "name": "Electric hob",
        "category": "CONSUMPTION",
        "capacity_kW": 5.0
      },
      {
        "type": "HEAT_PUMP_AIR",
        "eta_r": 0.6,
        "name": "House_heatpump_MT_M",
        "category": "CONVERSION",
        "deliveryTemp_degC": 60.0,
        "capacityElectricity_kW": 6.0,
        "ambientTempType": null
      },
      {
        "type": "STORAGE_HEAT",
        "name": "Household heat buffer",
        "category": "STORAGE",
        "capacityHeat_kW": 4.0,
        "initial_temperature_degC": 70.0,
        "minTemp_degC": 55,
        "maxTemp_degC": 80,
        "setTemp_degC": 60,
        "lossFactor_WpK": 0.0,
        "heatCapacity_JpK": 1200000.0,
        "ambientTempType": "AIR"
      },
      {
        "type": "PHOTOVOLTAIC",
        "name": "Solarpanels_building",
        "category": "PRODUCTION",
        "capacityElectricity_kW": 3.0
      },
      {
        "type": "ELECTRIC_VEHICLE",
        "name": "EV",
        "category": "STORAGE",
        "capacityElectricity_kW": 7.0,
        "stateOfCharge_r": 1.0,
        "storageCapacity_kWh": 60.0,
        "energyConsumption_kWhpkm": 0.3,
        "vehicleScaling": 1
      }
    ],
    "category": "HOUSE",
    "insulation_label": "C",
    "heating_type": "HEATPUMP_AIR",
    "type": "SEMIDETACHED",
    "smart_assets": "TRUE",
    "pricelevel_low_dif_from_avg_eurpkWh": 0.018,
    "pricelevel_high_dif_from_avg_eurpkWh": 0.01
  },
  {
    "owner_actor": "hh36",
    "id": "h36",
    "capacity_kw": 17.0,
    "parent_electric": "E2",
    "parent_heat": null,
    "charging_mode": "CHEAP",
    "battery_mode": null,
    "assets": [
      {
        "type": "ELECTRICITY_DEMAND",
        "name": "House_other_electricity",
        "category": "CONSUMPTION",
        "yearlyDemandElectricity_kWh": 11000.0
      },
      {
        "type": "HOT_WATER_CONSUMPTION",
        "name": "House_hot_water",
        "category": "CONSUMPTION",
        "yearlyDemandHeat_kWh": 2000.0
      },
      {
        "type": "ELECTRIC_HOB",
        "name": "Electric hob",
        "category": "CONSUMPTION",
        "capacity_kW": 5.0
      },
      {
        "type": "HEAT_PUMP_AIR",
        "eta_r": 0.6,
        "name": "House_heatpump_MT_M",
        "category": "CONVERSION",
        "deliveryTemp_degC": 60.0,
        "capacityElectricity_kW": 6.0,
        "ambientTempType": null
      },
      {
        "type": "STORAGE_HEAT",
        "name": "Household heat buffer",
        "category": "STORAGE",
        "capacityHeat_kW": 4.0,
        "initial_temperature_degC": 70.0,
        "minTemp_degC": 55,
        "maxTemp_degC": 80,
        "setTemp_degC": 60,
        "lossFactor_WpK": 0.0,
        "heatCapacity_JpK": 1200000.0,
        "ambientTempType": "AIR"
      },
      {
        "type": "PHOTOVOLTAIC",
        "name": "Solarpanels_building",
        "category": "PRODUCTION",
        "capacityElectricity_kW": 3.0
      },
      {
        "type": "ELECTRIC_VEHICLE",
        "name": "EV",
        "category": "STORAGE",
        "capacityElectricity_kW": 7.0,
        "stateOfCharge_r": 1.0,
        "storageCapacity_kWh": 60.0,
        "energyConsumption_kWhpkm": 0.3,
        "vehicleScaling": 1
      }
    ],
    "category": "HOUSE",
    "insulation_label": "C",
    "heating_type": "HEATPUMP_AIR",
    "type": "SEMIDETACHED",
    "smart_assets": "TRUE",
    "pricelevel_low_dif_from_avg_eurpkWh": 0.021,
    "pricelevel_high_dif_from_avg_eurpkWh": 0.01
  },
  {
    "owner_actor": "hh37",
    "id": "h37",
    "capacity_kw": 17.0,
    "parent_electric": "E2",
    "parent_heat": null,
    "charging_mode": "CHEAP",
    "battery_mode": null,
    "assets": [
      {
        "type": "ELECTRICITY_DEMAND",
        "name": "House_other_electricity",
        "category": "CONSUMPTION",
        "yearlyDemandElectricity_kWh": 11000.0
      },
      {
        "type": "HOT_WATER_CONSUMPTION",
        "name": "House_hot_water",
        "category": "CONSUMPTION",
        "yearlyDemandHeat_kWh": 2000.0
      },
      {
        "type": "ELECTRIC_HOB",
        "name": "Electric hob",
        "category": "CONSUMPTION",
        "capacity_kW": 5.0
      },
      {
        "type": "HEAT_PUMP_AIR",
        "eta_r": 0.6,
        "name": "House_heatpump_MT_M",
        "category": "CONVERSION",
        "deliveryTemp_degC": 60.0,
        "capacityElectricity_kW": 6.0,
        "ambientTempType": null
      },
      {
        "type": "STORAGE_HEAT",
        "name": "Household heat buffer",
        "category": "STORAGE",
        "capacityHeat_kW": 4.0,
        "initial_temperature_degC": 70.0,
        "minTemp_degC": 55,
        "maxTemp_degC": 80,
        "setTemp_degC": 60,
        "lossFactor_WpK": 0.0,
        "heatCapacity_JpK": 1200000.0,
        "ambientTempType": "AIR"
      },
      {
        "type": "PHOTOVOLTAIC",
        "name": "Solarpanels_building",
        "category": "PRODUCTION",
        "capacityElectricity_kW": 3.0
      },
      {
        "type": "ELECTRIC_VEHICLE",
        "name": "EV",
        "category": "STORAGE",
        "capacityElectricity_kW": 7.0,
        "stateOfCharge_r": 1.0,
        "storageCapacity_kWh": 60.0,
        "energyConsumption_kWhpkm": 0.3,
        "vehicleScaling": 1
      }
    ],
    "category": "HOUSE",
    "insulation_label": "C",
    "heating_type": "HEATPUMP_AIR",
    "type": "SEMIDETACHED",
    "smart_assets": "TRUE",
    "pricelevel_low_dif_from_avg_eurpkWh": 0.022,
    "pricelevel_high_dif_from_avg_eurpkWh": 0.009
  },
  {
    "owner_actor": "hh38",
    "id": "h38",
    "capacity_kw": 17.0,
    "parent_electric": "E2",
    "parent_heat": null,
    "charging_mode": "CHEAP",
    "battery_mode": null,
    "assets": [
      {
        "type": "ELECTRICITY_DEMAND",
        "name": "House_other_electricity",
        "category": "CONSUMPTION",
        "yearlyDemandElectricity_kWh": 11000.0
      },
      {
        "type": "HOT_WATER_CONSUMPTION",
        "name": "House_hot_water",
        "category": "CONSUMPTION",
        "yearlyDemandHeat_kWh": 2000.0
      },
      {
        "type": "ELECTRIC_HOB",
        "name": "Electric hob",
        "category": "CONSUMPTION",
        "capacity_kW": 5.0
      },
      {
        "type": "HEAT_PUMP_AIR",
        "eta_r": 0.6,
        "name": "House_heatpump_MT_M",
        "category": "CONVERSION",
        "deliveryTemp_degC": 60.0,
        "capacityElectricity_kW": 6.0,
        "ambientTempType": null
      },
      {
        "type": "STORAGE_HEAT",
        "name": "Household heat buffer",
        "category": "STORAGE",
        "capacityHeat_kW": 4.0,
        "initial_temperature_degC": 70.0,
        "minTemp_degC": 55,
        "maxTemp_degC": 80,
        "setTemp_degC": 60,
        "lossFactor_WpK": 0.0,
        "heatCapacity_JpK": 1200000.0,
        "ambientTempType": "AIR"
      },
      {
        "type": "PHOTOVOLTAIC",
        "name": "Solarpanels_building",
        "category": "PRODUCTION",
        "capacityElectricity_kW": 3.0
      },
      {
        "type": "ELECTRIC_VEHICLE",
        "name": "EV",
        "category": "STORAGE",
        "capacityElectricity_kW": 7.0,
        "stateOfCharge_r": 1.0,
        "storageCapacity_kWh": 60.0,
        "energyConsumption_kWhpkm": 0.3,
        "vehicleScaling": 1
      }
    ],
    "category": "HOUSE",
    "insulation_label": "C",
    "heating_type": "HEATPUMP_AIR",
    "type": "SEMIDETACHED",
    "smart_assets": "TRUE",
    "pricelevel_low_dif_from_avg_eurpkWh": 0.021,
    "pricelevel_high_dif_from_avg_eurpkWh": 0.009
  },
  {
    "owner_actor": "hh39",
    "id": "h39",
    "capacity_kw": 17.0,
    "parent_electric": "E2",
    "parent_heat": null,
    "charging_mode": "CHEAP",
    "battery_mode": null,
    "assets": [
      {
        "type": "ELECTRICITY_DEMAND",
        "name": "House_other_electricity",
        "category": "CONSUMPTION",
        "yearlyDemandElectricity_kWh": 11000.0
      },
      {
        "type": "HOT_WATER_CONSUMPTION",
        "name": "House_hot_water",
        "category": "CONSUMPTION",
        "yearlyDemandHeat_kWh": 2000.0
      },
      {
        "type": "ELECTRIC_HOB",
        "name": "Electric hob",
        "category": "CONSUMPTION",
        "capacity_kW": 5.0
      },
      {
        "type": "HEAT_PUMP_AIR",
        "eta_r": 0.6,
        "name": "House_heatpump_MT_M",
        "category": "CONVERSION",
        "deliveryTemp_degC": 60.0,
        "capacityElectricity_kW": 6.0,
        "ambientTempType": null
      },
      {
        "type": "STORAGE_HEAT",
        "name": "Household heat buffer",
        "category": "STORAGE",
        "capacityHeat_kW": 4.0,
        "initial_temperature_degC": 70.0,
        "minTemp_degC": 55,
        "maxTemp_degC": 80,
        "setTemp_degC": 60,
        "lossFactor_WpK": 0.0,
        "heatCapacity_JpK": 1200000.0,
        "ambientTempType": "AIR"
      },
      {
        "type": "PHOTOVOLTAIC",
        "name": "Solarpanels_building",
        "category": "PRODUCTION",
        "capacityElectricity_kW": 3.0
      },
      {
        "type": "ELECTRIC_VEHICLE",
        "name": "EV",
        "category": "STORAGE",
        "capacityElectricity_kW": 7.0,
        "stateOfCharge_r": 1.0,
        "storageCapacity_kWh": 60.0,
        "energyConsumption_kWhpkm": 0.3,
        "vehicleScaling": 1
      }
    ],
    "category": "HOUSE",
    "insulation_label": "C",
    "heating_type": "HEATPUMP_AIR",
    "type": "SEMIDETACHED",
    "smart_assets": "TRUE",
    "pricelevel_low_dif_from_avg_eurpkWh": 0.018,
    "pricelevel_high_dif_from_avg_eurpkWh": 0.009
  },
  {
    "owner_actor": "hh40",
    "id": "h40",
    "capacity_kw": 17.0,
    "parent_electric": "E2",
    "parent_heat": null,
    "charging_mode": "CHEAP",
    "battery_mode": null,
    "assets": [
      {
        "type": "ELECTRICITY_DEMAND",
        "name": "House_other_electricity",
        "category": "CONSUMPTION",
        "yearlyDemandElectricity_kWh": 11000.0
      },
      {
        "type": "HOT_WATER_CONSUMPTION",
        "name": "House_hot_water",
        "category": "CONSUMPTION",
        "yearlyDemandHeat_kWh": 2000.0
      },
      {
        "type": "ELECTRIC_HOB",
        "name": "Electric hob",
        "category": "CONSUMPTION",
        "capacity_kW": 5.0
      },
      {
        "type": "HEAT_PUMP_AIR",
        "eta_r": 0.6,
        "name": "House_heatpump_MT_M",
        "category": "CONVERSION",
        "deliveryTemp_degC": 60.0,
        "capacityElectricity_kW": 6.0,
        "ambientTempType": null
      },
      {
        "type": "STORAGE_HEAT",
        "name": "Household heat buffer",
        "category": "STORAGE",
        "capacityHeat_kW": 4.0,
        "initial_temperature_degC": 70.0,
        "minTemp_degC": 55,
        "maxTemp_degC": 80,
        "setTemp_degC": 60,
        "lossFactor_WpK": 0.0,
        "heatCapacity_JpK": 1200000.0,
        "ambientTempType": "AIR"
      },
      {
        "type": "PHOTOVOLTAIC",
        "name": "Solarpanels_building",
        "category": "PRODUCTION",
        "capacityElectricity_kW": 3.0
      },
      {
        "type": "ELECTRIC_VEHICLE",
        "name": "EV",
        "category": "STORAGE",
        "capacityElectricity_kW": 7.0,
        "stateOfCharge_r": 1.0,
        "storageCapacity_kWh": 60.0,
        "energyConsumption_kWhpkm": 0.3,
        "vehicleScaling": 1
      }
    ],
    "category": "HOUSE",
    "insulation_label": "C",
    "heating_type": "HEATPUMP_AIR",
    "type": "SEMIDETACHED",
    "smart_assets": "TRUE",
    "pricelevel_low_dif_from_avg_eurpkWh": 0.019,
    "pricelevel_high_dif_from_avg_eurpkWh": 0.01
  }
]